Workbook
Name lstCategories: 'Paramètres'!$B$6:$B$13
Name lstGroups: 'Paramètres'!$D$6:$D$9

Sheet Lisez-moi
B2: Analyse de données
B3: Saisissez vos observations dans « Données » : statistiques, répartitions et graphiques se mettent à jour seuls.
B5: Mode d’emploi
B6: 1. | C6: Dans « Paramètres », nommez vos catégories et vos groupes (huit et quatre au plus).
B7: 2. | C7: Dans « Données », remplacez les lignes d’exemple par vos observations : une ligne par observation. Le tableau s’agrandit seul.
B8: 3. | C8: Renommez au besoin les en-têtes « Valeur 1 » et « Valeur 2 » : les formules suivent le nouveau nom.
B9: 4. | C9: Lisez les résultats dans « Analyse ». Pour aller plus loin : Insertion → Tableau croisé dynamique sur le tableau des données.
B11: Couleurs des cellules
B12: Paramètre | C12: À régler d’abord : date de début, membres, catégories…
B13: Saisie | C13: Cellules blanches : vos données, ligne par ligne.
B14: Calcul | C14: Cellules grises : calculées automatiquement, ne pas écraser.
B16: Bon à savoir
B17: · | C17: Les données livrées sont des exemples fictifs : effacez-les avant de saisir les vôtres.
B18: · | C18: L’écart-type est celui d’un échantillon (ÉCARTYPE) ; la corrélation est celle de Pearson.
B20: Modèle Halo · police Helvetica · nuance : Mise en page → Thèmes.

Sheet Données
A1: Date | B1: Catégorie | C1: Groupe | D1: Valeur 1 | E1: Valeur 2 | F1: Commentaire | G1: Mois
A2: 46117 | B2: Catégorie A | C2: Groupe 2 | D2: 40 | E2: 447.1 | F2: Exemple | G2: =IF(tDonnees[[#This Row],[Date]]="","",DATE(YEAR(tDonnees[[#This Row],[Date]]),MONTH(tDonnees[[#This Row],[Date]]),1))
A3: 46122 | B3: Catégorie B | C3: Groupe 1 | D3: 29 | E3: 355.29 | G3: =IF(tDonnees[[#This Row],[Date]]="","",DATE(YEAR(tDonnees[[#This Row],[Date]]),MONTH(tDonnees[[#This Row],[Date]]),1))
A4: 46131 | B4: Catégorie C | C4: Groupe 1 | D4: 35 | E4: 358.9 | G4: =IF(tDonnees[[#This Row],[Date]]="","",DATE(YEAR(tDonnees[[#This Row],[Date]]),MONTH(tDonnees[[#This Row],[Date]]),1))
A5: 46138 | B5: Catégorie D | C5: Groupe 2 | D5: 22 | E5: 262.96 | G5: =IF(tDonnees[[#This Row],[Date]]="","",DATE(YEAR(tDonnees[[#This Row],[Date]]),MONTH(tDonnees[[#This Row],[Date]]),1))
A6: 46144 | B6: Catégorie A | C6: Groupe 1 | D6: 36 | E6: 464.54 | G6: =IF(tDonnees[[#This Row],[Date]]="","",DATE(YEAR(tDonnees[[#This Row],[Date]]),MONTH(tDonnees[[#This Row],[Date]]),1))
A7: 46152 | B7: Catégorie B | C7: Groupe 1 | D7: 25 | E7: 269.29 | G7: =IF(tDonnees[[#This Row],[Date]]="","",DATE(YEAR(tDonnees[[#This Row],[Date]]),MONTH(tDonnees[[#This Row],[Date]]),1))
A8: 46160 | B8: Catégorie C | C8: Groupe 2 | D8: 43 | E8: 455.79 | G8: =IF(tDonnees[[#This Row],[Date]]="","",DATE(YEAR(tDonnees[[#This Row],[Date]]),MONTH(tDonnees[[#This Row],[Date]]),1))
A9: 46166 | B9: Catégorie D | C9: Groupe 1 | D9: 12 | E9: 119.27 | G9: =IF(tDonnees[[#This Row],[Date]]="","",DATE(YEAR(tDonnees[[#This Row],[Date]]),MONTH(tDonnees[[#This Row],[Date]]),1))
A10: 46175 | B10: Catégorie A | C10: Groupe 1 | D10: 49 | E10: 586.32 | G10: =IF(tDonnees[[#This Row],[Date]]="","",DATE(YEAR(tDonnees[[#This Row],[Date]]),MONTH(tDonnees[[#This Row],[Date]]),1))
A11: 46183 | B11: Catégorie B | C11: Groupe 2 | D11: 19 | E11: 242.77 | G11: =IF(tDonnees[[#This Row],[Date]]="","",DATE(YEAR(tDonnees[[#This Row],[Date]]),MONTH(tDonnees[[#This Row],[Date]]),1))
A12: 46191 | B12: Catégorie C | C12: Groupe 1 | D12: 42 | E12: 460.62 | G12: =IF(tDonnees[[#This Row],[Date]]="","",DATE(YEAR(tDonnees[[#This Row],[Date]]),MONTH(tDonnees[[#This Row],[Date]]),1))
A13: 46196 | B13: Catégorie D | C13: Groupe 1 | D13: 12 | E13: 109.99 | G13: =IF(tDonnees[[#This Row],[Date]]="","",DATE(YEAR(tDonnees[[#This Row],[Date]]),MONTH(tDonnees[[#This Row],[Date]]),1))
A14: 46205 | B14: Catégorie A | C14: Groupe 2 | D14: 47 | E14: 576.77 | G14: =IF(tDonnees[[#This Row],[Date]]="","",DATE(YEAR(tDonnees[[#This Row],[Date]]),MONTH(tDonnees[[#This Row],[Date]]),1))
... A25: 46288 | B25: Catégorie D | C25: Groupe 1 | D25: 18 | E25: 185.76 | G25: =IF(tDonnees[[#This Row],[Date]]="","",DATE(YEAR(tDonnees[[#This Row],[Date]]),MONTH(tDonnees[[#This Row],[Date]]),1))

Sheet Analyse
B2: Analyse
B3: Tout est calculé à partir du tableau « Données ».
B5: Statistiques descriptives | H5: Par catégorie
C6: Valeur 1 | D6: Valeur 2 | H6: Catégorie | I6: Nombre | J6: Somme 1 | K6: Moyenne 1
B7: Observations | C7: =COUNT(tDonnees[Valeur 1]) | D7: =COUNT(tDonnees[Valeur 2]) | H7: =IF('Paramètres'!$B$6="","",'Paramètres'!$B$6) | I7: =IF(H7="","",COUNTIFS(tDonnees[Catégorie],H7)) | J7: =IF(H7="","",SUMIFS(tDonnees[Valeur 1],tDonnees[Catégorie],H7)) | K7: =IF(H7="","",IFERROR(AVERAGEIFS(tDonnees[Valeur 1],tDonnees[Catégorie],H7),""))
B8: Somme | C8: =SUM(tDonnees[Valeur 1]) | D8: =SUM(tDonnees[Valeur 2]) | H8: =IF('Paramètres'!$B$7="","",'Paramètres'!$B$7) | I8: =IF(H8="","",COUNTIFS(tDonnees[Catégorie],H8)) | J8: =IF(H8="","",SUMIFS(tDonnees[Valeur 1],tDonnees[Catégorie],H8)) | K8: =IF(H8="","",IFERROR(AVERAGEIFS(tDonnees[Valeur 1],tDonnees[Catégorie],H8),""))
B9: Moyenne | C9: =IFERROR(AVERAGE(tDonnees[Valeur 1]),"") | D9: =IFERROR(AVERAGE(tDonnees[Valeur 2]),"") | H9: =IF('Paramètres'!$B$8="","",'Paramètres'!$B$8) | I9: =IF(H9="","",COUNTIFS(tDonnees[Catégorie],H9)) | J9: =IF(H9="","",SUMIFS(tDonnees[Valeur 1],tDonnees[Catégorie],H9)) | K9: =IF(H9="","",IFERROR(AVERAGEIFS(tDonnees[Valeur 1],tDonnees[Catégorie],H9),""))
B10: Médiane | C10: =IFERROR(MEDIAN(tDonnees[Valeur 1]),"") | D10: =IFERROR(MEDIAN(tDonnees[Valeur 2]),"") | H10: =IF('Paramètres'!$B$9="","",'Paramètres'!$B$9) | I10: =IF(H10="","",COUNTIFS(tDonnees[Catégorie],H10)) | J10: =IF(H10="","",SUMIFS(tDonnees[Valeur 1],tDonnees[Catégorie],H10)) | K10: =IF(H10="","",IFERROR(AVERAGEIFS(tDonnees[Valeur 1],tDonnees[Catégorie],H10),""))
B11: Écart-type | C11: =IFERROR(STDEV(tDonnees[Valeur 1]),"") | D11: =IFERROR(STDEV(tDonnees[Valeur 2]),"") | H11: =IF('Paramètres'!$B$10="","",'Paramètres'!$B$10) | I11: =IF(H11="","",COUNTIFS(tDonnees[Catégorie],H11)) | J11: =IF(H11="","",SUMIFS(tDonnees[Valeur 1],tDonnees[Catégorie],H11)) | K11: =IF(H11="","",IFERROR(AVERAGEIFS(tDonnees[Valeur 1],tDonnees[Catégorie],H11),""))
B12: Minimum | C12: =IFERROR(MIN(tDonnees[Valeur 1]),"") | D12: =IFERROR(MIN(tDonnees[Valeur 2]),"") | H12: =IF('Paramètres'!$B$11="","",'Paramètres'!$B$11) | I12: =IF(H12="","",COUNTIFS(tDonnees[Catégorie],H12)) | J12: =IF(H12="","",SUMIFS(tDonnees[Valeur 1],tDonnees[Catégorie],H12)) | K12: =IF(H12="","",IFERROR(AVERAGEIFS(tDonnees[Valeur 1],tDonnees[Catégorie],H12),""))
B13: 1er quartile | C13: =IFERROR(QUARTILE(tDonnees[Valeur 1],1),"") | D13: =IFERROR(QUARTILE(tDonnees[Valeur 2],1),"") | H13: =IF('Paramètres'!$B$12="","",'Paramètres'!$B$12) | I13: =IF(H13="","",COUNTIFS(tDonnees[Catégorie],H13)) | J13: =IF(H13="","",SUMIFS(tDonnees[Valeur 1],tDonnees[Catégorie],H13)) | K13: =IF(H13="","",IFERROR(AVERAGEIFS(tDonnees[Valeur 1],tDonnees[Catégorie],H13),""))
B14: 3e quartile | C14: =IFERROR(QUARTILE(tDonnees[Valeur 1],3),"") | D14: =IFERROR(QUARTILE(tDonnees[Valeur 2],3),"") | H14: =IF('Paramètres'!$B$13="","",'Paramètres'!$B$13) | I14: =IF(H14="","",COUNTIFS(tDonnees[Catégorie],H14)) | J14: =IF(H14="","",SUMIFS(tDonnees[Valeur 1],tDonnees[Catégorie],H14)) | K14: =IF(H14="","",IFERROR(AVERAGEIFS(tDonnees[Valeur 1],tDonnees[Catégorie],H14),""))
B15: Maximum | C15: =IFERROR(MAX(tDonnees[Valeur 1]),"") | D15: =IFERROR(MAX(tDonnees[Valeur 2]),"")
B16: Corrélation (1 et 2) | C16: =IFERROR(CORREL(tDonnees[Valeur 1],tDonnees[Valeur 2]),"")
B19: Par mois
B20: Mois | C20: Nombre | D20: Somme 1 | E20: Moyenne 1
B21: =IFERROR(DATE(YEAR(MIN(tDonnees[Date])),MONTH(MIN(tDonnees[Date])),1),"") | C21: =IF(B21="","",COUNTIFS(tDonnees[Mois],B21)) | D21: =IF(B21="","",SUMIFS(tDonnees[Valeur 1],tDonnees[Mois],B21)) | E21: =IF(OR(B21="",C21=0),"",AVERAGEIFS(tDonnees[Valeur 1],tDonnees[Mois],B21))
B22: =IF(B21="","",IF(EDATE(B21,1)>MAX(tDonnees[Date]),"",EDATE(B21,1))) | C22: =IF(B22="","",COUNTIFS(tDonnees[Mois],B22)) | D22: =IF(B22="","",SUMIFS(tDonnees[Valeur 1],tDonnees[Mois],B22)) | E22: =IF(OR(B22="",C22=0),"",AVERAGEIFS(tDonnees[Valeur 1],tDonnees[Mois],B22))
B23: =IF(B22="","",IF(EDATE(B22,1)>MAX(tDonnees[Date]),"",EDATE(B22,1))) | C23: =IF(B23="","",COUNTIFS(tDonnees[Mois],B23)) | D23: =IF(B23="","",SUMIFS(tDonnees[Valeur 1],tDonnees[Mois],B23)) | E23: =IF(OR(B23="",C23=0),"",AVERAGEIFS(tDonnees[Valeur 1],tDonnees[Mois],B23))
B24: =IF(B23="","",IF(EDATE(B23,1)>MAX(tDonnees[Date]),"",EDATE(B23,1))) | C24: =IF(B24="","",COUNTIFS(tDonnees[Mois],B24)) | D24: =IF(B24="","",SUMIFS(tDonnees[Valeur 1],tDonnees[Mois],B24)) | E24: =IF(OR(B24="",C24=0),"",AVERAGEIFS(tDonnees[Valeur 1],tDonnees[Mois],B24))
B25: =IF(B24="","",IF(EDATE(B24,1)>MAX(tDonnees[Date]),"",EDATE(B24,1))) | C25: =IF(B25="","",COUNTIFS(tDonnees[Mois],B25)) | D25: =IF(B25="","",SUMIFS(tDonnees[Valeur 1],tDonnees[Mois],B25)) | E25: =IF(OR(B25="",C25=0),"",AVERAGEIFS(tDonnees[Valeur 1],tDonnees[Mois],B25))
B26: =IF(B25="","",IF(EDATE(B25,1)>MAX(tDonnees[Date]),"",EDATE(B25,1))) | C26: =IF(B26="","",COUNTIFS(tDonnees[Mois],B26)) | D26: =IF(B26="","",SUMIFS(tDonnees[Valeur 1],tDonnees[Mois],B26)) | E26: =IF(OR(B26="",C26=0),"",AVERAGEIFS(tDonnees[Valeur 1],tDonnees[Mois],B26))
B27: =IF(B26="","",IF(EDATE(B26,1)>MAX(tDonnees[Date]),"",EDATE(B26,1))) | C27: =IF(B27="","",COUNTIFS(tDonnees[Mois],B27)) | D27: =IF(B27="","",SUMIFS(tDonnees[Valeur 1],tDonnees[Mois],B27)) | E27: =IF(OR(B27="",C27=0),"",AVERAGEIFS(tDonnees[Valeur 1],tDonnees[Mois],B27))
B28: =IF(B27="","",IF(EDATE(B27,1)>MAX(tDonnees[Date]),"",EDATE(B27,1))) | C28: =IF(B28="","",COUNTIFS(tDonnees[Mois],B28)) | D28: =IF(B28="","",SUMIFS(tDonnees[Valeur 1],tDonnees[Mois],B28)) | E28: =IF(OR(B28="",C28=0),"",AVERAGEIFS(tDonnees[Valeur 1],tDonnees[Mois],B28))
B29: =IF(B28="","",IF(EDATE(B28,1)>MAX(tDonnees[Date]),"",EDATE(B28,1))) | C29: =IF(B29="","",COUNTIFS(tDonnees[Mois],B29)) | D29: =IF(B29="","",SUMIFS(tDonnees[Valeur 1],tDonnees[Mois],B29)) | E29: =IF(OR(B29="",C29=0),"",AVERAGEIFS(tDonnees[Valeur 1],tDonnees[Mois],B29))
B30: =IF(B29="","",IF(EDATE(B29,1)>MAX(tDonnees[Date]),"",EDATE(B29,1))) | C30: =IF(B30="","",COUNTIFS(tDonnees[Mois],B30)) | D30: =IF(B30="","",SUMIFS(tDonnees[Valeur 1],tDonnees[Mois],B30)) | E30: =IF(OR(B30="",C30=0),"",AVERAGEIFS(tDonnees[Valeur 1],tDonnees[Mois],B30))
B31: =IF(B30="","",IF(EDATE(B30,1)>MAX(tDonnees[Date]),"",EDATE(B30,1))) | C31: =IF(B31="","",COUNTIFS(tDonnees[Mois],B31)) | D31: =IF(B31="","",SUMIFS(tDonnees[Valeur 1],tDonnees[Mois],B31)) | E31: =IF(OR(B31="",C31=0),"",AVERAGEIFS(tDonnees[Valeur 1],tDonnees[Mois],B31))
B32: =IF(B31="","",IF(EDATE(B31,1)>MAX(tDonnees[Date]),"",EDATE(B31,1))) | C32: =IF(B32="","",COUNTIFS(tDonnees[Mois],B32)) | D32: =IF(B32="","",SUMIFS(tDonnees[Valeur 1],tDonnees[Mois],B32)) | E32: =IF(OR(B32="",C32=0),"",AVERAGEIFS(tDonnees[Valeur 1],tDonnees[Mois],B32))

Sheet Paramètres
B2: Paramètres
B3: Les listes proposées dans les cellules de saisie.
B5: Catégories | D5: Groupes
B6: Catégorie A | D6: Groupe 1
B7: Catégorie B | D7: Groupe 2
B8: Catégorie C
B9: Catégorie D
