Workbook
Name pPass: 'Paramètres'!$C$4
Name pResit: 'Paramètres'!$C$5
Name pRound: 'Paramètres'!$C$6
Name pTarget: 'Paramètres'!$C$7
Name pMin: 'Paramètres'!$C$8
Name pMax: 'Paramètres'!$C$9
Name lstSemesters: 'Paramètres'!$E$4:$E$13
Name lstCodes: 'Modules'!$B$2:$B$200

Sheet Lisez-moi
B2: Suivi des notes
B3: Notes sur l’échelle suisse de 1 à 6 : moyenne de chaque module, note encore nécessaire, statut et crédits ECTS acquis.
B5: Mode d’emploi
B6: 1. | C6: Dans « Paramètres », vérifiez la note de réussite, le seuil de remédiation et l’arrondi selon le règlement de votre filière, puis listez vos semestres.
B7: 2. | C7: Dans « Modules », une ligne par module : semestre, code, nom, crédits ECTS.
B8: 3. | C8: Dans « Évaluations », une ligne par examen, contrôle ou travail : code du module, poids (40 % = 0,4 ou 40 %) et note quand vous la recevez.
B9: 4. | C9: « Modules » calcule la moyenne et la note qu’il vous faut encore aux évaluations restantes ; « Synthèse » fait le bilan par semestre.
B11: Couleurs des cellules
B12: Paramètre | C12: À régler d’abord : date de début, membres, catégories…
B13: Saisie | C13: Cellules blanches : vos données, ligne par ligne.
B14: Calcul | C14: Cellules grises : calculées automatiquement, ne pas écraser.
B15: Réussi | C15: Module terminé, moyenne au moins égale à la note de réussite : crédits acquis.
B16: Remédiation | C16: Moyenne sous la note de réussite mais au-dessus du seuil : examen de remédiation possible.
B17: En cours | C17: Toutes les évaluations ne sont pas encore notées.
B19: Bon à savoir
B20: · | C20: Les modules et les notes livrés sont des exemples : effacez-les avant de commencer.
B21: · | C21: Les règles (réussite, remédiation, arrondi, compensation) varient selon les filières : le règlement d’études fait foi.
B23: Modèle Halo · police Helvetica · nuance : Mise en page → Thèmes.

Sheet Synthèse
B2: Suivi des notes
B3: Calculé à partir des modules et des évaluations.
B4: Crédits ECTS acquis | C4: =SUM(tModules[ECTS acquis])
B5: sur | C5: =pTarget
B6: Progression | C6: =IF(pTarget=0,"",C4/C5)
B7: Moyenne pondérée (ECTS) | C7: =IF(SUM(tModules[ECTS notés])=0,"",SUM(tModules[Points ECTS])/SUM(tModules[ECTS notés]))
B8: Modules réussis | C8: =COUNTIF(tModules[Statut],"Réussi")
B9: En remédiation | C9: =COUNTIF(tModules[Statut],"Remédiation")
B10: En cours | C10: =COUNTIF(tModules[Statut],"En cours")+COUNTIF(tModules[Statut],"À venir")
B12: Par semestre
B13: Semestre | C13: ECTS inscrits | D13: ECTS acquis | E13: Moyenne
B14: =IF('Paramètres'!$E$4="","",'Paramètres'!$E$4) | C14: =IF(B14="","",SUMIFS(tModules[ECTS],tModules[Semestre],B14)) | D14: =IF(B14="","",SUMIFS(tModules[ECTS acquis],tModules[Semestre],B14)) | E14: =IF(B14="","",IF(SUMIFS(tModules[ECTS notés],tModules[Semestre],B14)=0,"",SUMIFS(tModules[Points ECTS],tModules[Semestre],B14)/SUMIFS(tModules[ECTS notés],tModules[Semestre],B14)))
B15: =IF('Paramètres'!$E$5="","",'Paramètres'!$E$5) | C15: =IF(B15="","",SUMIFS(tModules[ECTS],tModules[Semestre],B15)) | D15: =IF(B15="","",SUMIFS(tModules[ECTS acquis],tModules[Semestre],B15)) | E15: =IF(B15="","",IF(SUMIFS(tModules[ECTS notés],tModules[Semestre],B15)=0,"",SUMIFS(tModules[Points ECTS],tModules[Semestre],B15)/SUMIFS(tModules[ECTS notés],tModules[Semestre],B15)))
B16: =IF('Paramètres'!$E$6="","",'Paramètres'!$E$6) | C16: =IF(B16="","",SUMIFS(tModules[ECTS],tModules[Semestre],B16)) | D16: =IF(B16="","",SUMIFS(tModules[ECTS acquis],tModules[Semestre],B16)) | E16: =IF(B16="","",IF(SUMIFS(tModules[ECTS notés],tModules[Semestre],B16)=0,"",SUMIFS(tModules[Points ECTS],tModules[Semestre],B16)/SUMIFS(tModules[ECTS notés],tModules[Semestre],B16)))
B17: =IF('Paramètres'!$E$7="","",'Paramètres'!$E$7) | C17: =IF(B17="","",SUMIFS(tModules[ECTS],tModules[Semestre],B17)) | D17: =IF(B17="","",SUMIFS(tModules[ECTS acquis],tModules[Semestre],B17)) | E17: =IF(B17="","",IF(SUMIFS(tModules[ECTS notés],tModules[Semestre],B17)=0,"",SUMIFS(tModules[Points ECTS],tModules[Semestre],B17)/SUMIFS(tModules[ECTS notés],tModules[Semestre],B17)))
B18: =IF('Paramètres'!$E$8="","",'Paramètres'!$E$8) | C18: =IF(B18="","",SUMIFS(tModules[ECTS],tModules[Semestre],B18)) | D18: =IF(B18="","",SUMIFS(tModules[ECTS acquis],tModules[Semestre],B18)) | E18: =IF(B18="","",IF(SUMIFS(tModules[ECTS notés],tModules[Semestre],B18)=0,"",SUMIFS(tModules[Points ECTS],tModules[Semestre],B18)/SUMIFS(tModules[ECTS notés],tModules[Semestre],B18)))
B19: =IF('Paramètres'!$E$9="","",'Paramètres'!$E$9) | C19: =IF(B19="","",SUMIFS(tModules[ECTS],tModules[Semestre],B19)) | D19: =IF(B19="","",SUMIFS(tModules[ECTS acquis],tModules[Semestre],B19)) | E19: =IF(B19="","",IF(SUMIFS(tModules[ECTS notés],tModules[Semestre],B19)=0,"",SUMIFS(tModules[Points ECTS],tModules[Semestre],B19)/SUMIFS(tModules[ECTS notés],tModules[Semestre],B19)))
B20: =IF('Paramètres'!$E$10="","",'Paramètres'!$E$10) | C20: =IF(B20="","",SUMIFS(tModules[ECTS],tModules[Semestre],B20)) | D20: =IF(B20="","",SUMIFS(tModules[ECTS acquis],tModules[Semestre],B20)) | E20: =IF(B20="","",IF(SUMIFS(tModules[ECTS notés],tModules[Semestre],B20)=0,"",SUMIFS(tModules[Points ECTS],tModules[Semestre],B20)/SUMIFS(tModules[ECTS notés],tModules[Semestre],B20)))
B21: =IF('Paramètres'!$E$11="","",'Paramètres'!$E$11) | C21: =IF(B21="","",SUMIFS(tModules[ECTS],tModules[Semestre],B21)) | D21: =IF(B21="","",SUMIFS(tModules[ECTS acquis],tModules[Semestre],B21)) | E21: =IF(B21="","",IF(SUMIFS(tModules[ECTS notés],tModules[Semestre],B21)=0,"",SUMIFS(tModules[Points ECTS],tModules[Semestre],B21)/SUMIFS(tModules[ECTS notés],tModules[Semestre],B21)))
B22: =IF('Paramètres'!$E$12="","",'Paramètres'!$E$12) | C22: =IF(B22="","",SUMIFS(tModules[ECTS],tModules[Semestre],B22)) | D22: =IF(B22="","",SUMIFS(tModules[ECTS acquis],tModules[Semestre],B22)) | E22: =IF(B22="","",IF(SUMIFS(tModules[ECTS notés],tModules[Semestre],B22)=0,"",SUMIFS(tModules[Points ECTS],tModules[Semestre],B22)/SUMIFS(tModules[ECTS notés],tModules[Semestre],B22)))
B23: =IF('Paramètres'!$E$13="","",'Paramètres'!$E$13) | C23: =IF(B23="","",SUMIFS(tModules[ECTS],tModules[Semestre],B23)) | D23: =IF(B23="","",SUMIFS(tModules[ECTS acquis],tModules[Semestre],B23)) | E23: =IF(B23="","",IF(SUMIFS(tModules[ECTS notés],tModules[Semestre],B23)=0,"",SUMIFS(tModules[Points ECTS],tModules[Semestre],B23)/SUMIFS(tModules[ECTS notés],tModules[Semestre],B23)))

Sheet Modules
A1: Semestre | B1: Code | C1: Module | D1: ECTS | E1: Évalué | F1: Moyenne | G1: Note requise | H1: Statut | I1: ECTS acquis | J1: Points ECTS | K1: ECTS notés
A2: S1 · automne 2025 | B2: A101 | C2: Introduction à la programmation | D2: 6 | E2: =IF(tModules[[#This Row],[Code]]="","",IF(SUMIFS(tEvaluations[Poids],tEvaluations[Code],tModules[[#This Row],[Code]])=0,0,SUMIFS(tEvaluations[Poids noté],tEvaluations[Code],tModules[[#This Row],[Code]])/SUMIFS(tEvaluations[Poids],tEvaluations[Code],tModules[[#This Row],[Code]]))) | F2: =IF(OR(tModules[[#This Row],[Code]]="",SUMIFS(tEvaluations[Poids noté],tEvaluations[Code],tModules[[#This Row],[Code]])=0),"",ROUND(ROUND(SUMIFS(tEvaluations[Points],tEvaluations[Code],tModules[[#This Row],[Code]])/SUMIFS(tEvaluations[Poids noté],tEvaluations[Code],tModules[[#This Row],[Code]]),6)/pRound,0)*pRound) | G2: =IF(OR(tModules[[#This Row],[Code]]="",SUMIFS(tEvaluations[Poids],tEvaluations[Code],tModules[[#This Row],[Code]])-SUMIFS(tEvaluations[Poids noté],tEvaluations[Code],tModules[[#This Row],[Code]])<=0.0001),"",IF((pPass*SUMIFS(tEvaluations[Poids],tEvaluations[Code],tModules[[#This Row],[Code]])-SUMIFS(tEvaluations[Points],tEvaluations[Code],tModules[[#This Row],[Code]]))/(SUMIFS(tEvaluations[Poids],tEvaluations[Code],tModules[[#This Row],[Code]])-SUMIFS(tEvaluations[Poids noté],tEvaluations[Code],tModules[[#This Row],[Code]]))>pMax,"> "&TEXT(pMax,"0.0"),MAX(pMin,(pPass*SUMIFS(tEvaluations[Poids],tEvaluations[Code],tModules[[#This Row],[Code]])-SUMIFS(tEvaluations[Points],tEvaluations[Code],tModules[[#This Row],[Code]]))/(SUMIFS(tEvaluations[Poids],tEvaluations[Code],tModules[[#This Row],[Code]])-SUMIFS(tEvaluations[Poids noté],tEvaluations[Code],tModules[[#This Row],[Code]]))))) | H2: =IF(tModules[[#This Row],[Code]]="","",IF(tModules[[#This Row],[Moyenne]]="","À venir",IF(tModules[[#This Row],[Évalué]]<0.9999,"En cours",IF(tModules[[#This Row],[Moyenne]]>=pPass,"Réussi",IF(tModules[[#This Row],[Moyenne]]>=pResit,"Remédiation","Échec"))))) | I2: =IF(tModules[[#This Row],[Statut]]="Réussi",N(tModules[[#This Row],[ECTS]]),0) | J2: =IF(AND(tModules[[#This Row],[Moyenne]]<>"",tModules[[#This Row],[Évalué]]>=0.9999),tModules[[#This Row],[Moyenne]]*N(tModules[[#This Row],[ECTS]]),"") | K2: =IF(AND(tModules[[#This Row],[Moyenne]]<>"",tModules[[#This Row],[Évalué]]>=0.9999),N(tModules[[#This Row],[ECTS]]),0)
A3: S1 · automne 2025 | B3: A102 | C3: Gestion d’entreprise | D3: 5 | E3: =IF(tModules[[#This Row],[Code]]="","",IF(SUMIFS(tEvaluations[Poids],tEvaluations[Code],tModules[[#This Row],[Code]])=0,0,SUMIFS(tEvaluations[Poids noté],tEvaluations[Code],tModules[[#This Row],[Code]])/SUMIFS(tEvaluations[Poids],tEvaluations[Code],tModules[[#This Row],[Code]]))) | F3: =IF(OR(tModules[[#This Row],[Code]]="",SUMIFS(tEvaluations[Poids noté],tEvaluations[Code],tModules[[#This Row],[Code]])=0),"",ROUND(ROUND(SUMIFS(tEvaluations[Points],tEvaluations[Code],tModules[[#This Row],[Code]])/SUMIFS(tEvaluations[Poids noté],tEvaluations[Code],tModules[[#This Row],[Code]]),6)/pRound,0)*pRound) | G3: =IF(OR(tModules[[#This Row],[Code]]="",SUMIFS(tEvaluations[Poids],tEvaluations[Code],tModules[[#This Row],[Code]])-SUMIFS(tEvaluations[Poids noté],tEvaluations[Code],tModules[[#This Row],[Code]])<=0.0001),"",IF((pPass*SUMIFS(tEvaluations[Poids],tEvaluations[Code],tModules[[#This Row],[Code]])-SUMIFS(tEvaluations[Points],tEvaluations[Code],tModules[[#This Row],[Code]]))/(SUMIFS(tEvaluations[Poids],tEvaluations[Code],tModules[[#This Row],[Code]])-SUMIFS(tEvaluations[Poids noté],tEvaluations[Code],tModules[[#This Row],[Code]]))>pMax,"> "&TEXT(pMax,"0.0"),MAX(pMin,(pPass*SUMIFS(tEvaluations[Poids],tEvaluations[Code],tModules[[#This Row],[Code]])-SUMIFS(tEvaluations[Points],tEvaluations[Code],tModules[[#This Row],[Code]]))/(SUMIFS(tEvaluations[Poids],tEvaluations[Code],tModules[[#This Row],[Code]])-SUMIFS(tEvaluations[Poids noté],tEvaluations[Code],tModules[[#This Row],[Code]]))))) | H3: =IF(tModules[[#This Row],[Code]]="","",IF(tModules[[#This Row],[Moyenne]]="","À venir",IF(tModules[[#This Row],[Évalué]]<0.9999,"En cours",IF(tModules[[#This Row],[Moyenne]]>=pPass,"Réussi",IF(tModules[[#This Row],[Moyenne]]>=pResit,"Remédiation","Échec"))))) | I3: =IF(tModules[[#This Row],[Statut]]="Réussi",N(tModules[[#This Row],[ECTS]]),0) | J3: =IF(AND(tModules[[#This Row],[Moyenne]]<>"",tModules[[#This Row],[Évalué]]>=0.9999),tModules[[#This Row],[Moyenne]]*N(tModules[[#This Row],[ECTS]]),"") | K3: =IF(AND(tModules[[#This Row],[Moyenne]]<>"",tModules[[#This Row],[Évalué]]>=0.9999),N(tModules[[#This Row],[ECTS]]),0)
A4: S1 · automne 2025 | B4: A103 | C4: Mathématiques | D4: 4 | E4: =IF(tModules[[#This Row],[Code]]="","",IF(SUMIFS(tEvaluations[Poids],tEvaluations[Code],tModules[[#This Row],[Code]])=0,0,SUMIFS(tEvaluations[Poids noté],tEvaluations[Code],tModules[[#This Row],[Code]])/SUMIFS(tEvaluations[Poids],tEvaluations[Code],tModules[[#This Row],[Code]]))) | F4: =IF(OR(tModules[[#This Row],[Code]]="",SUMIFS(tEvaluations[Poids noté],tEvaluations[Code],tModules[[#This Row],[Code]])=0),"",ROUND(ROUND(SUMIFS(tEvaluations[Points],tEvaluations[Code],tModules[[#This Row],[Code]])/SUMIFS(tEvaluations[Poids noté],tEvaluations[Code],tModules[[#This Row],[Code]]),6)/pRound,0)*pRound) | G4: =IF(OR(tModules[[#This Row],[Code]]="",SUMIFS(tEvaluations[Poids],tEvaluations[Code],tModules[[#This Row],[Code]])-SUMIFS(tEvaluations[Poids noté],tEvaluations[Code],tModules[[#This Row],[Code]])<=0.0001),"",IF((pPass*SUMIFS(tEvaluations[Poids],tEvaluations[Code],tModules[[#This Row],[Code]])-SUMIFS(tEvaluations[Points],tEvaluations[Code],tModules[[#This Row],[Code]]))/(SUMIFS(tEvaluations[Poids],tEvaluations[Code],tModules[[#This Row],[Code]])-SUMIFS(tEvaluations[Poids noté],tEvaluations[Code],tModules[[#This Row],[Code]]))>pMax,"> "&TEXT(pMax,"0.0"),MAX(pMin,(pPass*SUMIFS(tEvaluations[Poids],tEvaluations[Code],tModules[[#This Row],[Code]])-SUMIFS(tEvaluations[Points],tEvaluations[Code],tModules[[#This Row],[Code]]))/(SUMIFS(tEvaluations[Poids],tEvaluations[Code],tModules[[#This Row],[Code]])-SUMIFS(tEvaluations[Poids noté],tEvaluations[Code],tModules[[#This Row],[Code]]))))) | H4: =IF(tModules[[#This Row],[Code]]="","",IF(tModules[[#This Row],[Moyenne]]="","À venir",IF(tModules[[#This Row],[Évalué]]<0.9999,"En cours",IF(tModules[[#This Row],[Moyenne]]>=pPass,"Réussi",IF(tModules[[#This Row],[Moyenne]]>=pResit,"Remédiation","Échec"))))) | I4: =IF(tModules[[#This Row],[Statut]]="Réussi",N(tModules[[#This Row],[ECTS]]),0) | J4: =IF(AND(tModules[[#This Row],[Moyenne]]<>"",tModules[[#This Row],[Évalué]]>=0.9999),tModules[[#This Row],[Moyenne]]*N(tModules[[#This Row],[ECTS]]),"") | K4: =IF(AND(tModules[[#This Row],[Moyenne]]<>"",tModules[[#This Row],[Évalué]]>=0.9999),N(tModules[[#This Row],[ECTS]]),0)
A5: S2 · printemps 2026 | B5: B201 | C5: Bases de données | D5: 5 | E5: =IF(tModules[[#This Row],[Code]]="","",IF(SUMIFS(tEvaluations[Poids],tEvaluations[Code],tModules[[#This Row],[Code]])=0,0,SUMIFS(tEvaluations[Poids noté],tEvaluations[Code],tModules[[#This Row],[Code]])/SUMIFS(tEvaluations[Poids],tEvaluations[Code],tModules[[#This Row],[Code]]))) | F5: =IF(OR(tModules[[#This Row],[Code]]="",SUMIFS(tEvaluations[Poids noté],tEvaluations[Code],tModules[[#This Row],[Code]])=0),"",ROUND(ROUND(SUMIFS(tEvaluations[Points],tEvaluations[Code],tModules[[#This Row],[Code]])/SUMIFS(tEvaluations[Poids noté],tEvaluations[Code],tModules[[#This Row],[Code]]),6)/pRound,0)*pRound) | G5: =IF(OR(tModules[[#This Row],[Code]]="",SUMIFS(tEvaluations[Poids],tEvaluations[Code],tModules[[#This Row],[Code]])-SUMIFS(tEvaluations[Poids noté],tEvaluations[Code],tModules[[#This Row],[Code]])<=0.0001),"",IF((pPass*SUMIFS(tEvaluations[Poids],tEvaluations[Code],tModules[[#This Row],[Code]])-SUMIFS(tEvaluations[Points],tEvaluations[Code],tModules[[#This Row],[Code]]))/(SUMIFS(tEvaluations[Poids],tEvaluations[Code],tModules[[#This Row],[Code]])-SUMIFS(tEvaluations[Poids noté],tEvaluations[Code],tModules[[#This Row],[Code]]))>pMax,"> "&TEXT(pMax,"0.0"),MAX(pMin,(pPass*SUMIFS(tEvaluations[Poids],tEvaluations[Code],tModules[[#This Row],[Code]])-SUMIFS(tEvaluations[Points],tEvaluations[Code],tModules[[#This Row],[Code]]))/(SUMIFS(tEvaluations[Poids],tEvaluations[Code],tModules[[#This Row],[Code]])-SUMIFS(tEvaluations[Poids noté],tEvaluations[Code],tModules[[#This Row],[Code]]))))) | H5: =IF(tModules[[#This Row],[Code]]="","",IF(tModules[[#This Row],[Moyenne]]="","À venir",IF(tModules[[#This Row],[Évalué]]<0.9999,"En cours",IF(tModules[[#This Row],[Moyenne]]>=pPass,"Réussi",IF(tModules[[#This Row],[Moyenne]]>=pResit,"Remédiation","Échec"))))) | I5: =IF(tModules[[#This Row],[Statut]]="Réussi",N(tModules[[#This Row],[ECTS]]),0) | J5: =IF(AND(tModules[[#This Row],[Moyenne]]<>"",tModules[[#This Row],[Évalué]]>=0.9999),tModules[[#This Row],[Moyenne]]*N(tModules[[#This Row],[ECTS]]),"") | K5: =IF(AND(tModules[[#This Row],[Moyenne]]<>"",tModules[[#This Row],[Évalué]]>=0.9999),N(tModules[[#This Row],[ECTS]]),0)
A6: S3 · automne 2026 | B6: C301 | C6: Analyse de données | D6: 5 | E6: =IF(tModules[[#This Row],[Code]]="","",IF(SUMIFS(tEvaluations[Poids],tEvaluations[Code],tModules[[#This Row],[Code]])=0,0,SUMIFS(tEvaluations[Poids noté],tEvaluations[Code],tModules[[#This Row],[Code]])/SUMIFS(tEvaluations[Poids],tEvaluations[Code],tModules[[#This Row],[Code]]))) | F6: =IF(OR(tModules[[#This Row],[Code]]="",SUMIFS(tEvaluations[Poids noté],tEvaluations[Code],tModules[[#This Row],[Code]])=0),"",ROUND(ROUND(SUMIFS(tEvaluations[Points],tEvaluations[Code],tModules[[#This Row],[Code]])/SUMIFS(tEvaluations[Poids noté],tEvaluations[Code],tModules[[#This Row],[Code]]),6)/pRound,0)*pRound) | G6: =IF(OR(tModules[[#This Row],[Code]]="",SUMIFS(tEvaluations[Poids],tEvaluations[Code],tModules[[#This Row],[Code]])-SUMIFS(tEvaluations[Poids noté],tEvaluations[Code],tModules[[#This Row],[Code]])<=0.0001),"",IF((pPass*SUMIFS(tEvaluations[Poids],tEvaluations[Code],tModules[[#This Row],[Code]])-SUMIFS(tEvaluations[Points],tEvaluations[Code],tModules[[#This Row],[Code]]))/(SUMIFS(tEvaluations[Poids],tEvaluations[Code],tModules[[#This Row],[Code]])-SUMIFS(tEvaluations[Poids noté],tEvaluations[Code],tModules[[#This Row],[Code]]))>pMax,"> "&TEXT(pMax,"0.0"),MAX(pMin,(pPass*SUMIFS(tEvaluations[Poids],tEvaluations[Code],tModules[[#This Row],[Code]])-SUMIFS(tEvaluations[Points],tEvaluations[Code],tModules[[#This Row],[Code]]))/(SUMIFS(tEvaluations[Poids],tEvaluations[Code],tModules[[#This Row],[Code]])-SUMIFS(tEvaluations[Poids noté],tEvaluations[Code],tModules[[#This Row],[Code]]))))) | H6: =IF(tModules[[#This Row],[Code]]="","",IF(tModules[[#This Row],[Moyenne]]="","À venir",IF(tModules[[#This Row],[Évalué]]<0.9999,"En cours",IF(tModules[[#This Row],[Moyenne]]>=pPass,"Réussi",IF(tModules[[#This Row],[Moyenne]]>=pResit,"Remédiation","Échec"))))) | I6: =IF(tModules[[#This Row],[Statut]]="Réussi",N(tModules[[#This Row],[ECTS]]),0) | J6: =IF(AND(tModules[[#This Row],[Moyenne]]<>"",tModules[[#This Row],[Évalué]]>=0.9999),tModules[[#This Row],[Moyenne]]*N(tModules[[#This Row],[ECTS]]),"") | K6: =IF(AND(tModules[[#This Row],[Moyenne]]<>"",tModules[[#This Row],[Évalué]]>=0.9999),N(tModules[[#This Row],[ECTS]]),0)

Sheet Évaluations
A1: Code | B1: Évaluation | C1: Type | D1: Date | E1: Poids | F1: Note | G1: Points | H1: Poids noté
A2: A101 | B2: Contrôle continu | C2: Contrôle | D2: 45967 | E2: 0.4 | F2: 4.5 | G2: =IF(OR(tEvaluations[[#This Row],[Note]]="",tEvaluations[[#This Row],[Poids]]=""),"",tEvaluations[[#This Row],[Note]]*tEvaluations[[#This Row],[Poids]]) | H2: =IF(tEvaluations[[#This Row],[Note]]="",0,N(tEvaluations[[#This Row],[Poids]]))
A3: A101 | B3: Examen final | C3: Examen | D3: 46044 | E3: 0.6 | F3: 4.2 | G3: =IF(OR(tEvaluations[[#This Row],[Note]]="",tEvaluations[[#This Row],[Poids]]=""),"",tEvaluations[[#This Row],[Note]]*tEvaluations[[#This Row],[Poids]]) | H3: =IF(tEvaluations[[#This Row],[Note]]="",0,N(tEvaluations[[#This Row],[Poids]]))
A4: A102 | B4: Projet de groupe | C4: Projet | D4: 46009 | E4: 0.5 | F4: 5 | G4: =IF(OR(tEvaluations[[#This Row],[Note]]="",tEvaluations[[#This Row],[Poids]]=""),"",tEvaluations[[#This Row],[Note]]*tEvaluations[[#This Row],[Poids]]) | H4: =IF(tEvaluations[[#This Row],[Note]]="",0,N(tEvaluations[[#This Row],[Poids]]))
A5: A102 | B5: Examen final | C5: Examen | D5: 46049 | E5: 0.5 | F5: 3.4 | G5: =IF(OR(tEvaluations[[#This Row],[Note]]="",tEvaluations[[#This Row],[Poids]]=""),"",tEvaluations[[#This Row],[Note]]*tEvaluations[[#This Row],[Poids]]) | H5: =IF(tEvaluations[[#This Row],[Note]]="",0,N(tEvaluations[[#This Row],[Poids]]))
A6: A103 | B6: Travail écrit | C6: Travail écrit | D6: 46003 | E6: 0.3 | F6: 3.5 | G6: =IF(OR(tEvaluations[[#This Row],[Note]]="",tEvaluations[[#This Row],[Poids]]=""),"",tEvaluations[[#This Row],[Note]]*tEvaluations[[#This Row],[Poids]]) | H6: =IF(tEvaluations[[#This Row],[Note]]="",0,N(tEvaluations[[#This Row],[Poids]]))
A7: A103 | B7: Examen final | C7: Examen | D7: 46051 | E7: 0.7 | F7: 3.6 | G7: =IF(OR(tEvaluations[[#This Row],[Note]]="",tEvaluations[[#This Row],[Poids]]=""),"",tEvaluations[[#This Row],[Note]]*tEvaluations[[#This Row],[Poids]]) | H7: =IF(tEvaluations[[#This Row],[Note]]="",0,N(tEvaluations[[#This Row],[Poids]]))
A8: B201 | B8: Contrôle 1 | C8: Contrôle | D8: 46107 | E8: 0.25 | F8: 5.5 | G8: =IF(OR(tEvaluations[[#This Row],[Note]]="",tEvaluations[[#This Row],[Poids]]=""),"",tEvaluations[[#This Row],[Note]]*tEvaluations[[#This Row],[Poids]]) | H8: =IF(tEvaluations[[#This Row],[Note]]="",0,N(tEvaluations[[#This Row],[Poids]]))
A9: B201 | B9: Contrôle 2 | C9: Contrôle | D9: 46149 | E9: 0.25 | F9: 4.8 | G9: =IF(OR(tEvaluations[[#This Row],[Note]]="",tEvaluations[[#This Row],[Poids]]=""),"",tEvaluations[[#This Row],[Note]]*tEvaluations[[#This Row],[Poids]]) | H9: =IF(tEvaluations[[#This Row],[Note]]="",0,N(tEvaluations[[#This Row],[Poids]]))
A10: B201 | B10: Examen final | C10: Examen | D10: 46191 | E10: 0.5 | F10: 4.6 | G10: =IF(OR(tEvaluations[[#This Row],[Note]]="",tEvaluations[[#This Row],[Poids]]=""),"",tEvaluations[[#This Row],[Note]]*tEvaluations[[#This Row],[Poids]]) | H10: =IF(tEvaluations[[#This Row],[Note]]="",0,N(tEvaluations[[#This Row],[Poids]]))
A11: C301 | B11: Contrôle continu | C11: Contrôle | D11: 46324 | E11: 0.4 | F11: 3.8 | G11: =IF(OR(tEvaluations[[#This Row],[Note]]="",tEvaluations[[#This Row],[Poids]]=""),"",tEvaluations[[#This Row],[Note]]*tEvaluations[[#This Row],[Poids]]) | H11: =IF(tEvaluations[[#This Row],[Note]]="",0,N(tEvaluations[[#This Row],[Poids]]))
A12: C301 | B12: Examen final | C12: Examen | D12: 46408 | E12: 0.6 | G12: =IF(OR(tEvaluations[[#This Row],[Note]]="",tEvaluations[[#This Row],[Poids]]=""),"",tEvaluations[[#This Row],[Note]]*tEvaluations[[#This Row],[Poids]]) | H12: =IF(tEvaluations[[#This Row],[Note]]="",0,N(tEvaluations[[#This Row],[Poids]]))

Sheet Paramètres
B2: Paramètres
B3: Règles de calcul et semestres. | E3: Semestres
B4: Note de réussite | C4: 4 | E4: S1 · automne 2025
B5: Seuil de remédiation | C5: 3.5 | E5: S2 · printemps 2026
B6: Arrondi des moyennes | C6: 0.1 | E6: S3 · automne 2026
B7: Crédits ECTS visés | C7: 180
B8: Note minimale | C8: 1
B9: Note maximale | C9: 6
B11: À vérifier dans le règlement d’études de votre filière.
